speaker_id,video_id,format,channels,sample_width,frame_rate,number_of_frames,duration_seconds,VideoFpath,truth,fake_identity
id41102,HoPP5mYWyxY,wav,2,2,16000,654720,40.92,../data/speech/concat_audio/id41102/HoPP5mYWyxY.wav,False,id38620
id41102,4DV8YuFjrNk,wav,2,2,16000,140800,8.8,../data/speech/concat_audio/id41102/4DV8YuFjrNk.wav,False,id25408
id41102,k5CC_ZzGR-Q,wav,2,2,16000,229120,14.32,../data/speech/concat_audio/id41102/k5CC_ZzGR-Q.wav,False,id35186
id41102,P63okDJgrJE,wav,2,2,16000,378240,23.64,../data/speech/concat_audio/id41102/P63okDJgrJE.wav,False,id47667
id41102,BqsRCddbzFo,wav,2,2,16000,771200,48.2,../data/speech/concat_audio/id41102/BqsRCddbzFo.wav,False,id08519
id41102,xra6u7LF99E,wav,2,2,16000,347648,21.728,../data/speech/concat_audio/id41102/xra6u7LF99E.wav,False,id56874
id46173,vp1UMjRSXWs,wav,2,2,16000,347520,21.72,../data/speech/concat_audio/id46173/vp1UMjRSXWs.wav,False,id14026
id46173,AEvFdGLF6NM,wav,2,2,16000,475520,29.72,../data/speech/concat_audio/id46173/AEvFdGLF6NM.wav,False,id60730
id46173,jXUyw5xdYPk,wav,2,2,16000,284160,17.76,../data/speech/concat_audio/id46173/jXUyw5xdYPk.wav,False,id35186
id46173,VgupN6yurSI,wav,2,2,16000,871040,54.44,../data/speech/concat_audio/id46173/VgupN6yurSI.wav,False,id08776
id46173,NI4ZU2IUjuc,wav,2,2,16000,577920,36.12,../data/speech/concat_audio/id46173/NI4ZU2IUjuc.wav,False,id02799
id46173,aI1WQR_vnWk,wav,2,2,16000,435200,27.2,../data/speech/concat_audio/id46173/aI1WQR_vnWk.wav,False,id35186
id46173,_AdAY3EFqGI,wav,2,2,16000,639360,39.96,../data/speech/concat_audio/id46173/_AdAY3EFqGI.wav,False,id04903
id46173,eLog59JRkwY,wav,2,2,16000,682880,42.68,../data/speech/concat_audio/id46173/eLog59JRkwY.wav,False,id36494
id46173,AUpSqa3KE34,wav,2,2,16000,239360,14.96,../data/speech/concat_audio/id46173/AUpSqa3KE34.wav,False,id31480
id46173,rA4jqR6VOsE,wav,2,2,16000,618240,38.64,../data/speech/concat_audio/id46173/rA4jqR6VOsE.wav,False,id08519
id46173,r8NznE_6hdU,wav,2,2,16000,790400,49.4,../data/speech/concat_audio/id46173/r8NznE_6hdU.wav,False,id56874
id46173,HLRUemSqacQ,wav,2,2,16000,516480,32.28,../data/speech/concat_audio/id46173/HLRUemSqacQ.wav,False,id26192
id46173,VmD2hocHdNk,wav,2,2,16000,926720,57.92,../data/speech/concat_audio/id46173/VmD2hocHdNk.wav,False,id31480
id46173,p-E5Cu4ZFPA,wav,2,2,16000,500480,31.28,../data/speech/concat_audio/id46173/p-E5Cu4ZFPA.wav,False,id00868
id46173,pGtSKM3OBD8,wav,2,2,16000,569600,35.6,../data/speech/concat_audio/id46173/pGtSKM3OBD8.wav,False,id55482
id46173,-9iX5tl_PL8,wav,2,2,16000,282880,17.68,../data/speech/concat_audio/id46173/-9iX5tl_PL8.wav,False,id08519
id46173,wtuOYGAMeV0,wav,2,2,16000,817280,51.08,../data/speech/concat_audio/id46173/wtuOYGAMeV0.wav,False,id60730
id46173,qD9lcYRoBbQ,wav,2,2,16000,472960,29.56,../data/speech/concat_audio/id46173/qD9lcYRoBbQ.wav,False,id26192
id46173,MgN8JBpBgTc,wav,2,2,16000,521600,32.6,../data/speech/concat_audio/id46173/MgN8JBpBgTc.wav,False,id02799
id46173,W8lNxUQcwos,wav,2,2,16000,373760,23.36,../data/speech/concat_audio/id46173/W8lNxUQcwos.wav,False,id13901
id46173,pgfOFiXVanw,wav,2,2,16000,202240,12.64,../data/speech/concat_audio/id46173/pgfOFiXVanw.wav,False,id60730
id46173,RyA4IjHxEzU,wav,2,2,16000,876800,54.8,../data/speech/concat_audio/id46173/RyA4IjHxEzU.wav,False,id02799
id46173,WuSdtxTIBRw,wav,2,2,16000,761600,47.6,../data/speech/concat_audio/id46173/WuSdtxTIBRw.wav,False,id47667
id46173,pyfflyvPAEk,wav,2,2,16000,505600,31.6,../data/speech/concat_audio/id46173/pyfflyvPAEk.wav,False,id35186
id46173,Y-tiPKa2kyA,wav,2,2,16000,588800,36.8,../data/speech/concat_audio/id46173/Y-tiPKa2kyA.wav,False,id02799
id46173,0BKwIwOA2E8,wav,2,2,16000,255360,15.96,../data/speech/concat_audio/id46173/0BKwIwOA2E8.wav,False,id47667
id46173,Xb_Dz101XMk,wav,2,2,16000,247040,15.44,../data/speech/concat_audio/id46173/Xb_Dz101XMk.wav,False,id09427
id46173,KUQNADOUhho,wav,2,2,16000,581120,36.32,../data/speech/concat_audio/id46173/KUQNADOUhho.wav,False,id46419
id46173,aoVBU0VZGdY,wav,2,2,16000,747520,46.72,../data/speech/concat_audio/id46173/aoVBU0VZGdY.wav,False,id55482
id46173,CqWo_tJm9gs,wav,2,2,16000,462080,28.88,../data/speech/concat_audio/id46173/CqWo_tJm9gs.wav,False,id16835
id46173,mnXX7K3Up8Q,wav,2,2,16000,634240,39.64,../data/speech/concat_audio/id46173/mnXX7K3Up8Q.wav,False,id57651
id46173,-rZqnTZMtuM,wav,2,2,16000,796800,49.8,../data/speech/concat_audio/id46173/-rZqnTZMtuM.wav,False,id35186
id46173,L70y3nHhUMU,wav,2,2,16000,275200,17.2,../data/speech/concat_audio/id46173/L70y3nHhUMU.wav,False,id25408
id46173,W-xZDRLW2cY,wav,2,2,16000,482560,30.16,../data/speech/concat_audio/id46173/W-xZDRLW2cY.wav,False,id51728
id46173,45cg5dCKdAA,wav,2,2,16000,685440,42.84,../data/speech/concat_audio/id46173/45cg5dCKdAA.wav,False,id46419
id46173,yPhghCgkAYU,wav,2,2,16000,750720,46.92,../data/speech/concat_audio/id46173/yPhghCgkAYU.wav,False,id31480
id46173,SJBT2Q4Qy2Y,wav,2,2,16000,536960,33.56,../data/speech/concat_audio/id46173/SJBT2Q4Qy2Y.wav,False,id08519
id46173,uaeypMG2YTc,wav,2,2,16000,852480,53.28,../data/speech/concat_audio/id46173/uaeypMG2YTc.wav,False,id14026
id46173,_Mv8h3WQxDM,wav,2,2,16000,702080,43.88,../data/speech/concat_audio/id46173/_Mv8h3WQxDM.wav,False,id25408
id46173,A4riCL9lOZo,wav,2,2,16000,341760,21.36,../data/speech/concat_audio/id46173/A4riCL9lOZo.wav,False,id50220
id46173,Frx8VeIHhU4,wav,2,2,16000,475520,29.72,../data/speech/concat_audio/id46173/Frx8VeIHhU4.wav,False,id09427
id46173,P98K-S1-w10,wav,2,2,16000,796160,49.76,../data/speech/concat_audio/id46173/P98K-S1-w10.wav,False,id13854
id46173,okOJ5dsJuag,wav,2,2,16000,894080,55.88,../data/speech/concat_audio/id46173/okOJ5dsJuag.wav,False,id28020
id46173,RLnzUJ5vInk,wav,2,2,16000,453120,28.32,../data/speech/concat_audio/id46173/RLnzUJ5vInk.wav,False,id02799
id46173,LcJeyERpRqA,wav,2,2,16000,639360,39.96,../data/speech/concat_audio/id46173/LcJeyERpRqA.wav,False,id51728
id46173,YAHhfZUjV6M,wav,2,2,16000,940800,58.8,../data/speech/concat_audio/id46173/YAHhfZUjV6M.wav,False,id53453
id46173,N2kVTsVNpfc,wav,2,2,16000,521600,32.6,../data/speech/concat_audio/id46173/N2kVTsVNpfc.wav,False,id51728
id23204,UlIWiv4BVHw,wav,2,2,16000,517760,32.36,../data/speech/concat_audio/id23204/UlIWiv4BVHw.wav,False,id16835
id23204,1Zm9mrlefcw,wav,2,2,16000,383360,23.96,../data/speech/concat_audio/id23204/1Zm9mrlefcw.wav,False,id51728
id16025,qdQQ03yzk1I,wav,2,2,16000,862720,53.92,../data/speech/concat_audio/id16025/qdQQ03yzk1I.wav,False,id50220
id16025,bxDoeVPubl8,wav,2,2,16000,906880,56.68,../data/speech/concat_audio/id16025/bxDoeVPubl8.wav,False,id46419
id16025,u2jKnDjAsI0,wav,2,2,16000,205440,12.84,../data/speech/concat_audio/id16025/u2jKnDjAsI0.wav,False,id09427
id16025,TemUgPCDo7Y,wav,2,2,16000,614400,38.4,../data/speech/concat_audio/id16025/TemUgPCDo7Y.wav,False,id60730
id16025,tUh-BIlOa8w,wav,2,2,16000,442880,27.68,../data/speech/concat_audio/id16025/tUh-BIlOa8w.wav,False,id42259
id16025,Qlz5dLjp7Tk,wav,2,2,16000,874880,54.68,../data/speech/concat_audio/id16025/Qlz5dLjp7Tk.wav,False,id60691
id16025,6pkriMc5JcI,wav,2,2,16000,115840,7.24,../data/speech/concat_audio/id16025/6pkriMc5JcI.wav,False,id35186
id16025,IIVQsfgumP8,wav,2,2,16000,632320,39.52,../data/speech/concat_audio/id16025/IIVQsfgumP8.wav,False,id36494
id16025,5I3zEYQ3UDY,wav,2,2,16000,746240,46.64,../data/speech/concat_audio/id16025/5I3zEYQ3UDY.wav,False,id51728
id16025,WYaGsQD2WmU,wav,2,2,16000,583680,36.48,../data/speech/concat_audio/id16025/WYaGsQD2WmU.wav,False,id60730
id16025,_B8lWSUe4jA,wav,2,2,16000,17280,1.08,../data/speech/concat_audio/id16025/_B8lWSUe4jA.wav,False,id35186
id16025,h95sfA3w4I4,wav,2,2,16000,864640,54.04,../data/speech/concat_audio/id16025/h95sfA3w4I4.wav,False,id06304
id16025,hzH4a19uaTo,wav,2,2,16000,293120,18.32,../data/speech/concat_audio/id16025/hzH4a19uaTo.wav,False,id47667
id16025,6z7S_HF0fUs,wav,2,2,16000,524800,32.8,../data/speech/concat_audio/id16025/6z7S_HF0fUs.wav,False,id60730
id16025,R1lr9nf_kdQ,wav,2,2,16000,502400,31.4,../data/speech/concat_audio/id16025/R1lr9nf_kdQ.wav,False,id07057
id16025,tG0WdgBnGLU,wav,2,2,16000,846720,52.92,../data/speech/concat_audio/id16025/tG0WdgBnGLU.wav,False,id08776
id16025,lWeaa-_5xog,wav,2,2,16000,494720,30.92,../data/speech/concat_audio/id16025/lWeaa-_5xog.wav,False,id60730
id16025,V2ex6QJMtOk,wav,2,2,16000,246400,15.4,../data/speech/concat_audio/id16025/V2ex6QJMtOk.wav,False,id14026
id16025,rKyRFoFdLqk,wav,2,2,16000,380800,23.8,../data/speech/concat_audio/id16025/rKyRFoFdLqk.wav,False,id02799
id16025,rhyhi1KBmAw,wav,2,2,16000,574720,35.92,../data/speech/concat_audio/id16025/rhyhi1KBmAw.wav,False,id34823
id16025,l5W2vfRM3Jc,wav,2,2,16000,393600,24.6,../data/speech/concat_audio/id16025/l5W2vfRM3Jc.wav,False,id01616
id16025,837_i2_C21Y,wav,2,2,16000,872960,54.56,../data/speech/concat_audio/id16025/837_i2_C21Y.wav,False,id31480
id16025,XpULlnctGf8,wav,2,2,16000,170880,10.68,../data/speech/concat_audio/id16025/XpULlnctGf8.wav,False,id26192
id16025,abckwTWpksU,wav,2,2,16000,357120,22.32,../data/speech/concat_audio/id16025/abckwTWpksU.wav,False,id14026
id16025,GZiN9KFC864,wav,2,2,16000,209280,13.08,../data/speech/concat_audio/id16025/GZiN9KFC864.wav,False,id60730
id16025,adkRhAPqGD0,wav,2,2,16000,515200,32.2,../data/speech/concat_audio/id16025/adkRhAPqGD0.wav,False,id38620
id16025,pCB3d5kQbXk,wav,2,2,16000,336640,21.04,../data/speech/concat_audio/id16025/pCB3d5kQbXk.wav,False,id11367
id16025,NGNMtv6yC6Q,wav,2,2,16000,573440,35.84,../data/speech/concat_audio/id16025/NGNMtv6yC6Q.wav,False,id56874
id16025,nG5iZt4ET2E,wav,2,2,16000,181120,11.32,../data/speech/concat_audio/id16025/nG5iZt4ET2E.wav,False,id50220
id16025,wwk2tgcV8do,wav,2,2,16000,813440,50.84,../data/speech/concat_audio/id16025/wwk2tgcV8do.wav,False,id60691
id16025,9XQ3qtPRXx0,wav,2,2,16000,837760,52.36,../data/speech/concat_audio/id16025/9XQ3qtPRXx0.wav,False,id02799
id16025,MDb8vCa_4k8,wav,2,2,16000,480000,30.0,../data/speech/concat_audio/id16025/MDb8vCa_4k8.wav,False,id14026
id16025,XwjgfPgvJq8,wav,2,2,16000,506240,31.64,../data/speech/concat_audio/id16025/XwjgfPgvJq8.wav,False,id60691
id16025,67Mwy0Z8AX4,wav,2,2,16000,227200,14.2,../data/speech/concat_audio/id16025/67Mwy0Z8AX4.wav,False,id60730
id16025,rUsLOYBSDVc,wav,2,2,16000,657280,41.08,../data/speech/concat_audio/id16025/rUsLOYBSDVc.wav,False,id35186
id16025,rP6ifPKzZ4k,wav,2,2,16000,375680,23.48,../data/speech/concat_audio/id16025/rP6ifPKzZ4k.wav,False,id36494
id54918,v4-Vk6UucN0,wav,2,2,16000,637440,39.84,../data/speech/concat_audio/id54918/v4-Vk6UucN0.wav,False,id51728
id54918,LPcMJ4V5jys,wav,2,2,16000,656640,41.04,../data/speech/concat_audio/id54918/LPcMJ4V5jys.wav,False,id09427
id54918,9FC8RHA6KKs,wav,2,2,16000,457600,28.6,../data/speech/concat_audio/id54918/9FC8RHA6KKs.wav,False,id25408
id54918,Fr3vnKtwg_E,wav,2,2,16000,540160,33.76,../data/speech/concat_audio/id54918/Fr3vnKtwg_E.wav,False,id36494
id54918,0UzF8SuIxVg,wav,2,2,16000,693760,43.36,../data/speech/concat_audio/id54918/0UzF8SuIxVg.wav,False,id51728
id54918,jHkjuZsM_40,wav,2,2,16000,764800,47.8,../data/speech/concat_audio/id54918/jHkjuZsM_40.wav,False,id26192
id54918,2SBB0aeRLUA,wav,2,2,16000,828160,51.76,../data/speech/concat_audio/id54918/2SBB0aeRLUA.wav,False,id35186
id54918,c7hIUQxzoBk,wav,2,2,16000,854400,53.4,../data/speech/concat_audio/id54918/c7hIUQxzoBk.wav,False,id28020
id54918,JRQTRwAURVs,wav,2,2,16000,424960,26.56,../data/speech/concat_audio/id54918/JRQTRwAURVs.wav,False,id60730
id54918,cbbpGGV_XPk,wav,2,2,16000,597760,37.36,../data/speech/concat_audio/id54918/cbbpGGV_XPk.wav,False,id31480
id54918,Ph5QsdcFV1Y,wav,2,2,16000,860160,53.76,../data/speech/concat_audio/id54918/Ph5QsdcFV1Y.wav,False,id58163
id54918,Fj97xI8O1y4,wav,2,2,16000,609280,38.08,../data/speech/concat_audio/id54918/Fj97xI8O1y4.wav,False,id08776
id54918,vbmiaMSf4KY,wav,2,2,16000,713600,44.6,../data/speech/concat_audio/id54918/vbmiaMSf4KY.wav,False,id60730
id23244,Gh1JLEkYELw,wav,2,2,16000,871040,54.44,../data/speech/concat_audio/id23244/Gh1JLEkYELw.wav,False,id36494
id23244,DX7d5bTFWa4,wav,2,2,16000,817280,51.08,../data/speech/concat_audio/id23244/DX7d5bTFWa4.wav,False,id35186
id23244,S8EqRaMlLj0,wav,2,2,16000,873600,54.6,../data/speech/concat_audio/id23244/S8EqRaMlLj0.wav,False,id02799
id23244,7IcXJZ9QtXo,wav,2,2,16000,543360,33.96,../data/speech/concat_audio/id23244/7IcXJZ9QtXo.wav,False,id35186
id23244,nGYpl3Ifu0g,wav,2,2,16000,845440,52.84,../data/speech/concat_audio/id23244/nGYpl3Ifu0g.wav,False,id48201
id25989,sKhrFQuJlQk,wav,2,2,16000,68480,4.28,../data/speech/concat_audio/id25989/sKhrFQuJlQk.wav,False,id26192
id25989,ewoH_mnHjT4,wav,2,2,16000,565760,35.36,../data/speech/concat_audio/id25989/ewoH_mnHjT4.wav,False,id60730
id25989,HhCtC4INUdY,wav,2,2,16000,51840,3.24,../data/speech/concat_audio/id25989/HhCtC4INUdY.wav,False,id60730
id25989,na3UkhgaLmU,wav,2,2,16000,114560,7.16,../data/speech/concat_audio/id25989/na3UkhgaLmU.wav,False,id08519
id25989,eXxIqYmOBmU,wav,2,2,16000,113920,7.12,../data/speech/concat_audio/id25989/eXxIqYmOBmU.wav,False,id60730
id25989,xmwSOCRsn6Y,wav,2,2,16000,32000,2.0,../data/speech/concat_audio/id25989/xmwSOCRsn6Y.wav,False,id48201
id25989,GAiF1OzzWLI,wav,2,2,16000,15360,0.96,../data/speech/concat_audio/id25989/GAiF1OzzWLI.wav,False,id28020
id25989,_x6y4MGWprg,wav,2,2,16000,769280,48.08,../data/speech/concat_audio/id25989/_x6y4MGWprg.wav,False,id08776
id00694,p6mmcZ7WEQA,wav,2,2,16000,586880,36.68,../data/speech/concat_audio/id00694/p6mmcZ7WEQA.wav,False,id56874
id00694,mO4249OnLpM,wav,2,2,16000,469120,29.32,../data/speech/concat_audio/id00694/mO4249OnLpM.wav,False,id42721
id00694,Eueqzu77bU0,wav,2,2,16000,387840,24.24,../data/speech/concat_audio/id00694/Eueqzu77bU0.wav,False,id60730
id00694,er0ckMnVMMI,wav,2,2,16000,386560,24.16,../data/speech/concat_audio/id00694/er0ckMnVMMI.wav,False,id60730
id00694,nKBNO8rpwAg,wav,2,2,16000,368000,23.0,../data/speech/concat_audio/id00694/nKBNO8rpwAg.wav,False,id46419
id00694,rrcja7slDEA,wav,2,2,16000,211840,13.24,../data/speech/concat_audio/id00694/rrcja7slDEA.wav,False,id00868
id00694,BcxDBpHvZQ4,wav,2,2,16000,458240,28.64,../data/speech/concat_audio/id00694/BcxDBpHvZQ4.wav,False,id05829
id00694,eYwBNQmPfCo,wav,2,2,16000,908160,56.76,../data/speech/concat_audio/id00694/eYwBNQmPfCo.wav,False,id25408
id00694,F-_aG6ZV8jw,wav,2,2,16000,565760,35.36,../data/speech/concat_audio/id00694/F-_aG6ZV8jw.wav,False,id48201
id00694,eFg-qCfEywU,wav,2,2,16000,323840,20.24,../data/speech/concat_audio/id00694/eFg-qCfEywU.wav,False,id31480
id00694,5LOqvEtjUY8,wav,2,2,16000,485120,30.32,../data/speech/concat_audio/id00694/5LOqvEtjUY8.wav,False,id36494
id00694,kmvXZyyExmQ,wav,2,2,16000,636800,39.8,../data/speech/concat_audio/id00694/kmvXZyyExmQ.wav,False,id48159
id00694,2OfoqKZVms0,wav,2,2,16000,204160,12.76,../data/speech/concat_audio/id00694/2OfoqKZVms0.wav,False,id06304
id00694,LMn8G-XMKGM,wav,2,2,16000,599040,37.44,../data/speech/concat_audio/id00694/LMn8G-XMKGM.wav,False,id26192
id00694,16iK2sufglU,wav,2,2,16000,356480,22.28,../data/speech/concat_audio/id00694/16iK2sufglU.wav,False,id51728
id00694,DQ76qKq5OSs,wav,2,2,16000,477440,29.84,../data/speech/concat_audio/id00694/DQ76qKq5OSs.wav,False,id60691
id00694,BaUmVeOPixU,wav,2,2,16000,379520,23.72,../data/speech/concat_audio/id00694/BaUmVeOPixU.wav,False,id46419
id00694,Hpa_Qnxe34A,wav,2,2,16000,384000,24.0,../data/speech/concat_audio/id00694/Hpa_Qnxe34A.wav,False,id09427
id00694,WHOH5fc5WmM,wav,2,2,16000,316800,19.8,../data/speech/concat_audio/id00694/WHOH5fc5WmM.wav,False,id36494
id00694,d_Ivxg1XpSQ,wav,2,2,16000,955520,59.72,../data/speech/concat_audio/id00694/d_Ivxg1XpSQ.wav,False,id25408
id00694,0uz8WWQuw1I,wav,2,2,16000,759680,47.48,../data/speech/concat_audio/id00694/0uz8WWQuw1I.wav,False,id55482
id00694,RV7F8vV2HA8,wav,2,2,16000,301440,18.84,../data/speech/concat_audio/id00694/RV7F8vV2HA8.wav,False,id31480
id00694,YGFJ66IsHjM,wav,2,2,16000,359040,22.44,../data/speech/concat_audio/id00694/YGFJ66IsHjM.wav,False,id31480
id00694,DJdA5xukHtI,wav,2,2,16000,224000,14.0,../data/speech/concat_audio/id00694/DJdA5xukHtI.wav,False,id60730
id00694,keVgd_LRJZI,wav,2,2,16000,609280,38.08,../data/speech/concat_audio/id00694/keVgd_LRJZI.wav,False,id52962
id00694,8snMP6QRhF0,wav,2,2,16000,442240,27.64,../data/speech/concat_audio/id00694/8snMP6QRhF0.wav,False,id13901
id00694,lVs2-a1QbMA,wav,2,2,16000,74240,4.64,../data/speech/concat_audio/id00694/lVs2-a1QbMA.wav,False,id09427
id00694,X7Lqn4Nu3kg,wav,2,2,16000,440960,27.56,../data/speech/concat_audio/id00694/X7Lqn4Nu3kg.wav,False,id26192
id00694,9XTBxLGhFL4,wav,2,2,16000,581120,36.32,../data/speech/concat_audio/id00694/9XTBxLGhFL4.wav,False,id31480
id00694,QNkq6hpTJAs,wav,2,2,16000,275200,17.2,../data/speech/concat_audio/id00694/QNkq6hpTJAs.wav,False,id35186
id00694,vfRugeYACf8,wav,2,2,16000,295040,18.44,../data/speech/concat_audio/id00694/vfRugeYACf8.wav,False,id35186
id00694,m6jnR0opOl8,wav,2,2,16000,469120,29.32,../data/speech/concat_audio/id00694/m6jnR0opOl8.wav,False,id09427
id00694,qukCqqfwSJo,wav,2,2,16000,514560,32.16,../data/speech/concat_audio/id00694/qukCqqfwSJo.wav,False,id08776
id00694,-PUwYj2Benw,wav,2,2,16000,826880,51.68,../data/speech/concat_audio/id00694/-PUwYj2Benw.wav,False,id31480
id00694,MdqAniUhxDc,wav,2,2,16000,616960,38.56,../data/speech/concat_audio/id00694/MdqAniUhxDc.wav,False,id06304
id00694,N4Ix8ofjwgQ,wav,2,2,16000,392320,24.52,../data/speech/concat_audio/id00694/N4Ix8ofjwgQ.wav,False,id60691
id00694,E_mUQv58eRk,wav,2,2,16000,529920,33.12,../data/speech/concat_audio/id00694/E_mUQv58eRk.wav,False,id52962
id00694,auNqCaLkQEE,wav,2,2,16000,416000,26.0,../data/speech/concat_audio/id00694/auNqCaLkQEE.wav,False,id60691
id00694,hdNkOtCRAnk,wav,2,2,16000,851200,53.2,../data/speech/concat_audio/id00694/hdNkOtCRAnk.wav,False,id38620
id00694,BXu6KRLRNVk,wav,2,2,16000,386560,24.16,../data/speech/concat_audio/id00694/BXu6KRLRNVk.wav,False,id51728
id00694,Z5XkMUuknY4,wav,2,2,16000,621440,38.84,../data/speech/concat_audio/id00694/Z5XkMUuknY4.wav,False,id02799
id00694,RMitnX7AMYc,wav,2,2,16000,307200,19.2,../data/speech/concat_audio/id00694/RMitnX7AMYc.wav,False,id08519
id00694,Ufn_c0sCwnA,wav,2,2,16000,250880,15.68,../data/speech/concat_audio/id00694/Ufn_c0sCwnA.wav,False,id28411
id00694,Kbmpq0Ty934,wav,2,2,16000,581760,36.36,../data/speech/concat_audio/id00694/Kbmpq0Ty934.wav,False,id25408
id00694,L9OUnhV0egk,wav,2,2,16000,862720,53.92,../data/speech/concat_audio/id00694/L9OUnhV0egk.wav,False,id35186
id00694,hrkdPKFXcGc,wav,2,2,16000,916480,57.28,../data/speech/concat_audio/id00694/hrkdPKFXcGc.wav,False,id07057
id00694,UhUm6W50AeU,wav,2,2,16000,273920,17.12,../data/speech/concat_audio/id00694/UhUm6W50AeU.wav,False,id00868
id29783,HbmvIxU_45U,wav,2,2,16000,654080,40.88,../data/speech/concat_audio/id29783/HbmvIxU_45U.wav,False,id16835
id29783,sU6IoBPbTYw,wav,2,2,16000,836480,52.28,../data/speech/concat_audio/id29783/sU6IoBPbTYw.wav,False,id34371
id29783,YI_a2IsQj1w,wav,2,2,16000,73600,4.6,../data/speech/concat_audio/id29783/YI_a2IsQj1w.wav,False,id05829
id29783,4WQ8pas_bk4,wav,2,2,16000,337920,21.12,../data/speech/concat_audio/id29783/4WQ8pas_bk4.wav,False,id58163
id29783,nTkcA90TTwM,wav,2,2,16000,741760,46.36,../data/speech/concat_audio/id29783/nTkcA90TTwM.wav,False,id51728
id29783,0EdCiIf3Qjg,wav,2,2,16000,872960,54.56,../data/speech/concat_audio/id29783/0EdCiIf3Qjg.wav,False,id56874
id29783,n7t-BgRaFPU,wav,2,2,16000,859520,53.72,../data/speech/concat_audio/id29783/n7t-BgRaFPU.wav,False,id31480
id30950,IUOzMYlZ58Y,wav,2,2,16000,207360,12.96,../data/speech/concat_audio/id30950/IUOzMYlZ58Y.wav,False,id26192
id30950,bL9gt6DrEEc,wav,2,2,16000,269440,16.84,../data/speech/concat_audio/id30950/bL9gt6DrEEc.wav,False,id28411
id30950,mSY6IpzCKQc,wav,2,2,16000,268800,16.8,../data/speech/concat_audio/id30950/mSY6IpzCKQc.wav,False,id60691
id30950,s79dAXWilo4,wav,2,2,16000,791040,49.44,../data/speech/concat_audio/id30950/s79dAXWilo4.wav,False,id39872
id30950,sRgnRRV57Kk,wav,2,2,16000,280960,17.56,../data/speech/concat_audio/id30950/sRgnRRV57Kk.wav,False,id47667
id30950,6ogkbtXtE20,wav,2,2,16000,957440,59.84,../data/speech/concat_audio/id30950/6ogkbtXtE20.wav,False,id07057
id30950,9eqnOHo8fEY,wav,2,2,16000,935680,58.48,../data/speech/concat_audio/id30950/9eqnOHo8fEY.wav,False,id08519
id30950,YxkoB6VOYkQ,wav,2,2,16000,57600,3.6,../data/speech/concat_audio/id30950/YxkoB6VOYkQ.wav,False,id31480
id30950,TpU1BTvQh0U,wav,2,2,16000,875520,54.72,../data/speech/concat_audio/id30950/TpU1BTvQh0U.wav,False,id60730
id30950,v9Cy1mow9XU,wav,2,2,16000,193280,12.08,../data/speech/concat_audio/id30950/v9Cy1mow9XU.wav,False,id00868
id54498,eo7Vqo-DBT8,wav,2,2,16000,16000,1.0,../data/speech/concat_audio/id54498/eo7Vqo-DBT8.wav,False,id08519
id58257,wWxCEKlZJks,wav,2,2,16000,19200,1.2,../data/speech/concat_audio/id58257/wWxCEKlZJks.wav,False,id28020
id58257,TI6Vc9pslzM,wav,2,2,16000,161920,10.12,../data/speech/concat_audio/id58257/TI6Vc9pslzM.wav,False,id25408
id58257,Gp8FZdfYugc,wav,2,2,16000,17280,1.08,../data/speech/concat_audio/id58257/Gp8FZdfYugc.wav,False,id48159
id58257,QB7B4kwVfGE,wav,2,2,16000,56320,3.52,../data/speech/concat_audio/id58257/QB7B4kwVfGE.wav,False,id47667
id12519,0l7qCeCihP8,wav,2,2,16000,64640,4.04,../data/speech/concat_audio/id12519/0l7qCeCihP8.wav,False,id60730
id12519,5sV5-bAWPJw,wav,2,2,16000,222720,13.92,../data/speech/concat_audio/id12519/5sV5-bAWPJw.wav,False,id51728
id12519,ehOu1ub-Frk,wav,2,2,16000,208000,13.0,../data/speech/concat_audio/id12519/ehOu1ub-Frk.wav,False,id25408
id09582,OZl1VEnMHa4,wav,2,2,16000,786560,49.16,../data/speech/concat_audio/id09582/OZl1VEnMHa4.wav,False,id56874
id09582,5Nwlvt2DFU0,wav,2,2,16000,336640,21.04,../data/speech/concat_audio/id09582/5Nwlvt2DFU0.wav,False,id50220
id09582,wOtwTR2kgq8,wav,2,2,16000,926080,57.88,../data/speech/concat_audio/id09582/wOtwTR2kgq8.wav,False,id14026
id09582,XdQGQ-OeuRg,wav,2,2,16000,151680,9.48,../data/speech/concat_audio/id09582/XdQGQ-OeuRg.wav,False,id02799
id09582,0iq_7Pxqocc,wav,2,2,16000,156160,9.76,../data/speech/concat_audio/id09582/0iq_7Pxqocc.wav,False,id26192
id09582,3cO5SZV6bhw,wav,2,2,16000,726400,45.4,../data/speech/concat_audio/id09582/3cO5SZV6bhw.wav,False,id60730
id09582,DV7Z0KMZ-54,wav,2,2,16000,612480,38.28,../data/speech/concat_audio/id09582/DV7Z0KMZ-54.wav,False,id26192
id09582,L8RY5Wii6vU,wav,2,2,16000,329600,20.6,../data/speech/concat_audio/id09582/L8RY5Wii6vU.wav,False,id06304
id09582,ZZNoM5AGDEE,wav,2,2,16000,417920,26.12,../data/speech/concat_audio/id09582/ZZNoM5AGDEE.wav,False,id51728
id09582,e8Xyew_IHnw,wav,2,2,16000,310400,19.4,../data/speech/concat_audio/id09582/e8Xyew_IHnw.wav,False,id60730
id09582,dUqJc3USS6g,wav,2,2,16000,333440,20.84,../data/speech/concat_audio/id09582/dUqJc3USS6g.wav,False,id08519
id09582,3l9H3cImmFU,wav,2,2,16000,279040,17.44,../data/speech/concat_audio/id09582/3l9H3cImmFU.wav,False,id08519
id09582,0V04JGxRNDQ,wav,2,2,16000,229120,14.32,../data/speech/concat_audio/id09582/0V04JGxRNDQ.wav,False,id34371
id09582,sKIj9L8ZkkE,wav,2,2,16000,378240,23.64,../data/speech/concat_audio/id09582/sKIj9L8ZkkE.wav,False,id35186
id09582,pYFbvssZWPk,wav,2,2,16000,574080,35.88,../data/speech/concat_audio/id09582/pYFbvssZWPk.wav,False,id48201
id09582,O9zKuYbOvu8,wav,2,2,16000,666240,41.64,../data/speech/concat_audio/id09582/O9zKuYbOvu8.wav,False,id60730
id09582,XdRj209Uhjc,wav,2,2,16000,478080,29.88,../data/speech/concat_audio/id09582/XdRj209Uhjc.wav,False,id00868
id09582,pe5fxKDYPxY,wav,2,2,16000,171520,10.72,../data/speech/concat_audio/id09582/pe5fxKDYPxY.wav,False,id50220
id09582,x4KELDcAlYE,wav,2,2,16000,414720,25.92,../data/speech/concat_audio/id09582/x4KELDcAlYE.wav,False,id07057
id09582,DtKoqeoi0jg,wav,2,2,16000,295680,18.48,../data/speech/concat_audio/id09582/DtKoqeoi0jg.wav,False,id01616
id09582,gLyM2AqlZbI,wav,2,2,16000,501120,31.32,../data/speech/concat_audio/id09582/gLyM2AqlZbI.wav,False,id26192
id09582,fVBpgLGG0GA,wav,2,2,16000,718080,44.88,../data/speech/concat_audio/id09582/fVBpgLGG0GA.wav,False,id08519
id09582,fLPxe-RMOPA,wav,2,2,16000,868480,54.28,../data/speech/concat_audio/id09582/fLPxe-RMOPA.wav,False,id06304
id09582,3ZdMvIIvF9o,wav,2,2,16000,298240,18.64,../data/speech/concat_audio/id09582/3ZdMvIIvF9o.wav,False,id47667
id09582,8nZ1vMTtR7s,wav,2,2,16000,376320,23.52,../data/speech/concat_audio/id09582/8nZ1vMTtR7s.wav,False,id60730
id09582,R5pBkkBrl1k,wav,2,2,16000,574080,35.88,../data/speech/concat_audio/id09582/R5pBkkBrl1k.wav,False,id02799
id09582,zuorSIOWGvg,wav,2,2,16000,291200,18.2,../data/speech/concat_audio/id09582/zuorSIOWGvg.wav,False,id28020
id09582,Y3_T4dWFGaA,wav,2,2,16000,268800,16.8,../data/speech/concat_audio/id09582/Y3_T4dWFGaA.wav,False,id48201
id09582,hi2eeOkT80Q,wav,2,2,16000,455680,28.48,../data/speech/concat_audio/id09582/hi2eeOkT80Q.wav,False,id16835
id09582,562Vzt2WyeY,wav,2,2,16000,764800,47.8,../data/speech/concat_audio/id09582/562Vzt2WyeY.wav,False,id25408
id09582,R64qn8UZgbo,wav,2,2,16000,257280,16.08,../data/speech/concat_audio/id09582/R64qn8UZgbo.wav,False,id09427
id09582,7VG5kLLda1k,wav,2,2,16000,890880,55.68,../data/speech/concat_audio/id09582/7VG5kLLda1k.wav,False,id36494
id09582,GWNhY9mIgxw,wav,2,2,16000,245120,15.32,../data/speech/concat_audio/id09582/GWNhY9mIgxw.wav,False,id52962
id09582,U5y97cc2TJM,wav,2,2,16000,134400,8.4,../data/speech/concat_audio/id09582/U5y97cc2TJM.wav,False,id06304
id09582,OkrhxcDxMCk,wav,2,2,16000,222080,13.88,../data/speech/concat_audio/id09582/OkrhxcDxMCk.wav,False,id52962
id09582,A4G4EcFKwa4,wav,2,2,16000,383360,23.96,../data/speech/concat_audio/id09582/A4G4EcFKwa4.wav,False,id14026
id09582,hzbmVmys7As,wav,2,2,16000,749440,46.84,../data/speech/concat_audio/id09582/hzbmVmys7As.wav,False,id01616
id09582,E0bqgWzvDM8,wav,2,2,16000,336000,21.0,../data/speech/concat_audio/id09582/E0bqgWzvDM8.wav,False,id08776
id09582,jmAxSItqeeE,wav,2,2,16000,730880,45.68,../data/speech/concat_audio/id09582/jmAxSItqeeE.wav,False,id34371
id09582,YLwad8lyzy4,wav,2,2,16000,453760,28.36,../data/speech/concat_audio/id09582/YLwad8lyzy4.wav,False,id35186
id09582,d2VLxlkqrUQ,wav,2,2,16000,399360,24.96,../data/speech/concat_audio/id09582/d2VLxlkqrUQ.wav,False,id02799
id09582,nx3dUZAxTV4,wav,2,2,16000,44160,2.76,../data/speech/concat_audio/id09582/nx3dUZAxTV4.wav,False,id35186
id09582,XTFTVJkFdAU,wav,2,2,16000,650240,40.64,../data/speech/concat_audio/id09582/XTFTVJkFdAU.wav,False,id55482
id25883,SDVxYOzTPmQ,wav,2,2,16000,130560,8.16,../data/speech/concat_audio/id25883/SDVxYOzTPmQ.wav,False,id35186
id52435,cCiJTr-bHe4,wav,2,2,16000,73600,4.6,../data/speech/concat_audio/id52435/cCiJTr-bHe4.wav,False,id47667
id52435,BjFgaiYzKBI,wav,2,2,16000,112000,7.0,../data/speech/concat_audio/id52435/BjFgaiYzKBI.wav,False,id60730
id52435,wHI926TlQcM,wav,2,2,16000,142720,8.92,../data/speech/concat_audio/id52435/wHI926TlQcM.wav,False,id01616
id60231,0gERvnaQEgo,wav,2,2,16000,867840,54.24,../data/speech/concat_audio/id60231/0gERvnaQEgo.wav,False,id33609
id60231,qIyFW9xjXbU,wav,2,2,16000,724480,45.28,../data/speech/concat_audio/id60231/qIyFW9xjXbU.wav,False,id35186
id60231,aGyM_MtWrfY,wav,2,2,16000,643200,40.2,../data/speech/concat_audio/id60231/aGyM_MtWrfY.wav,False,id38620
id60231,h8A-cLnktyw,wav,2,2,16000,252800,15.8,../data/speech/concat_audio/id60231/h8A-cLnktyw.wav,False,id47667
id60231,wJhLv4FgeiM,wav,2,2,16000,231680,14.48,../data/speech/concat_audio/id60231/wJhLv4FgeiM.wav,False,id02799
id60231,Wgrl4Ix7uSU,wav,2,2,16000,477440,29.84,../data/speech/concat_audio/id60231/Wgrl4Ix7uSU.wav,False,id08776
id60231,i4iCLO_OimU,wav,2,2,16000,845440,52.84,../data/speech/concat_audio/id60231/i4iCLO_OimU.wav,False,id58163
id60231,JO-rNgOFHkA,wav,2,2,16000,888320,55.52,../data/speech/concat_audio/id60231/JO-rNgOFHkA.wav,False,id60730
id60231,lLCyMg9GtZE,wav,2,2,16000,803840,50.24,../data/speech/concat_audio/id60231/lLCyMg9GtZE.wav,False,id09427
id60231,pTlgj1L09bE,wav,2,2,16000,849280,53.08,../data/speech/concat_audio/id60231/pTlgj1L09bE.wav,False,id09427
id25070,SG5gpIuD4jg,wav,2,2,16000,106240,6.64,../data/speech/concat_audio/id25070/SG5gpIuD4jg.wav,False,id28020
id25070,ZZAnXsRcQO0,wav,2,2,16000,358400,22.4,../data/speech/concat_audio/id25070/ZZAnXsRcQO0.wav,False,id06304
id25070,NFc7ki6ROnw,wav,2,2,16000,207360,12.96,../data/speech/concat_audio/id25070/NFc7ki6ROnw.wav,False,id25408
id25070,Z_oZfaXC20g,wav,2,2,16000,215680,13.48,../data/speech/concat_audio/id25070/Z_oZfaXC20g.wav,False,id60730
id25070,CYc7UJ91ZZI,wav,2,2,16000,427520,26.72,../data/speech/concat_audio/id25070/CYc7UJ91ZZI.wav,False,id60730
id25070,YksF9WlPzxw,wav,2,2,16000,201600,12.6,../data/speech/concat_audio/id25070/YksF9WlPzxw.wav,False,id31480
id25070,_u47VFD_vvA,wav,2,2,16000,561920,35.12,../data/speech/concat_audio/id25070/_u47VFD_vvA.wav,False,id48201
id25070,6tGAop-28oM,wav,2,2,16000,300160,18.76,../data/speech/concat_audio/id25070/6tGAop-28oM.wav,False,id55482
id25070,Eg4f51F5UdA,wav,2,2,16000,298240,18.64,../data/speech/concat_audio/id25070/Eg4f51F5UdA.wav,False,id51728
id25070,kAlaNrhuSvU,wav,2,2,16000,243840,15.24,../data/speech/concat_audio/id25070/kAlaNrhuSvU.wav,False,id02799
id25070,0PNQBO17-v8,wav,2,2,16000,161920,10.12,../data/speech/concat_audio/id25070/0PNQBO17-v8.wav,False,id36494
id25070,z82euNLoKho,wav,2,2,16000,426880,26.68,../data/speech/concat_audio/id25070/z82euNLoKho.wav,False,id42225
id41391,B3mSw-Yr0mM,wav,2,2,16000,222720,13.92,../data/speech/concat_audio/id41391/B3mSw-Yr0mM.wav,False,id38620
id41391,BZ6VL4-6G2I,wav,2,2,16000,472320,29.52,../data/speech/concat_audio/id41391/BZ6VL4-6G2I.wav,False,id34371
id10357,x3TtojAD7fw,wav,2,2,16000,428160,26.76,../data/speech/concat_audio/id10357/x3TtojAD7fw.wav,False,id25408
id03884,xDJtXfxIu38,wav,2,2,16000,351360,21.96,../data/speech/concat_audio/id03884/xDJtXfxIu38.wav,False,id06304
id03884,Y-ZEmcpFTjU,wav,2,2,16000,17280,1.08,../data/speech/concat_audio/id03884/Y-ZEmcpFTjU.wav,False,id60730
id03884,G0vhtmqzq4A,wav,2,2,16000,23040,1.44,../data/speech/concat_audio/id03884/G0vhtmqzq4A.wav,False,id56874
id03884,TL_KOqTLS_k,wav,2,2,16000,78080,4.88,../data/speech/concat_audio/id03884/TL_KOqTLS_k.wav,False,id26192
id03884,JUxAQuNNnW8,wav,2,2,16000,372480,23.28,../data/speech/concat_audio/id03884/JUxAQuNNnW8.wav,False,id06304
id03884,9JUgDNtHXmY,wav,2,2,16000,393600,24.6,../data/speech/concat_audio/id03884/9JUgDNtHXmY.wav,False,id26192
id03884,cs19HspS1pw,wav,2,2,16000,23680,1.48,../data/speech/concat_audio/id03884/cs19HspS1pw.wav,False,id25408
id03884,GgmWPGjlpW8,wav,2,2,16000,15360,0.96,../data/speech/concat_audio/id03884/GgmWPGjlpW8.wav,False,id35186
id03884,M_FE-OjE4bc,wav,2,2,16000,43520,2.72,../data/speech/concat_audio/id03884/M_FE-OjE4bc.wav,False,id26192
id03884,RvL1HqEo6pw,wav,2,2,16000,259840,16.24,../data/speech/concat_audio/id03884/RvL1HqEo6pw.wav,False,id60691
id03884,H9vmCHgUgDk,wav,2,2,16000,55040,3.44,../data/speech/concat_audio/id03884/H9vmCHgUgDk.wav,False,id35186
id03884,jfQ3Jyh7zdg,wav,2,2,16000,17280,1.08,../data/speech/concat_audio/id03884/jfQ3Jyh7zdg.wav,False,id60730
id03884,7R6e-YipqBM,wav,2,2,16000,62080,3.88,../data/speech/concat_audio/id03884/7R6e-YipqBM.wav,False,id52962
id03884,ubjVWC4RpNg,wav,2,2,16000,69120,4.32,../data/speech/concat_audio/id03884/ubjVWC4RpNg.wav,False,id50220
id03884,GNG88rI6MXQ,wav,2,2,16000,309760,19.36,../data/speech/concat_audio/id03884/GNG88rI6MXQ.wav,False,id02799
id03884,4lDRYf7WZNA,wav,2,2,16000,659840,41.24,../data/speech/concat_audio/id03884/4lDRYf7WZNA.wav,False,id08519
id03884,H53rCVCpUXY,wav,2,2,16000,22400,1.4,../data/speech/concat_audio/id03884/H53rCVCpUXY.wav,False,id09427
id03884,tUn-g2Sb3BQ,wav,2,2,16000,253440,15.84,../data/speech/concat_audio/id03884/tUn-g2Sb3BQ.wav,False,id13901
id03884,okb2JT2Mr14,wav,2,2,16000,21120,1.32,../data/speech/concat_audio/id03884/okb2JT2Mr14.wav,False,id36494
id03884,RWQsrHxPkdw,wav,2,2,16000,104960,6.56,../data/speech/concat_audio/id03884/RWQsrHxPkdw.wav,False,id35186
id03884,m2_si6nzTLU,wav,2,2,16000,163200,10.2,../data/speech/concat_audio/id03884/m2_si6nzTLU.wav,False,id47667
id03884,N5SedzqbjPY,wav,2,2,16000,417920,26.12,../data/speech/concat_audio/id03884/N5SedzqbjPY.wav,False,id46419
id03884,puyyhp5Viq4,wav,2,2,16000,61440,3.84,../data/speech/concat_audio/id03884/puyyhp5Viq4.wav,False,id47667
id14127,F0L3S9vhDYw,wav,2,2,16000,130560,8.16,../data/speech/concat_audio/id14127/F0L3S9vhDYw.wav,False,id09427
id14127,qZVjxhHgi-o,wav,2,2,16000,307200,19.2,../data/speech/concat_audio/id14127/qZVjxhHgi-o.wav,False,id09427
id19784,mvTAIS3McwQ,wav,2,2,16000,502400,31.4,../data/speech/concat_audio/id19784/mvTAIS3McwQ.wav,False,id08776
id05137,pCGoPXsajgo,wav,2,2,16000,84480,5.28,../data/speech/concat_audio/id05137/pCGoPXsajgo.wav,False,id55482
id05137,VLoGAi5L9oA,wav,2,2,16000,53120,3.32,../data/speech/concat_audio/id05137/VLoGAi5L9oA.wav,False,id25408
id00799,nG3e4hpPLxw,wav,2,2,16000,130560,8.16,../data/speech/concat_audio/id00799/nG3e4hpPLxw.wav,False,id38620
id00799,yKRCNGnjbH4,wav,2,2,16000,360320,22.52,../data/speech/concat_audio/id00799/yKRCNGnjbH4.wav,False,id39872
id00799,jKIIISDTKDc,wav,2,2,16000,173440,10.84,../data/speech/concat_audio/id00799/jKIIISDTKDc.wav,False,id50220
id00799,LDmSTgQNHR8,wav,2,2,16000,212480,13.28,../data/speech/concat_audio/id00799/LDmSTgQNHR8.wav,False,id34823
id00799,o2xampp6gHs,wav,2,2,16000,338560,21.16,../data/speech/concat_audio/id00799/o2xampp6gHs.wav,False,id06304
id50608,wFA6t2PU4JM,wav,2,2,16000,810240,50.64,../data/speech/concat_audio/id50608/wFA6t2PU4JM.wav,False,id36494
id50608,JNe0K2C9XZg,wav,2,2,16000,631040,39.44,../data/speech/concat_audio/id50608/JNe0K2C9XZg.wav,False,id60730
id50608,rihkLzRBKUY,wav,2,2,16000,623360,38.96,../data/speech/concat_audio/id50608/rihkLzRBKUY.wav,False,id14026
id50608,4WnBaf-O4LI,wav,2,2,16000,623360,38.96,../data/speech/concat_audio/id50608/4WnBaf-O4LI.wav,False,id06304
id50608,naUOMN9AmJ4,wav,2,2,16000,563840,35.24,../data/speech/concat_audio/id50608/naUOMN9AmJ4.wav,False,id31480
id24382,qhx5LuUGc4U,wav,2,2,16000,430080,26.88,../data/speech/concat_audio/id24382/qhx5LuUGc4U.wav,False,id26192
id24382,kw4uGbcxq-Y,wav,2,2,16000,570880,35.68,../data/speech/concat_audio/id24382/kw4uGbcxq-Y.wav,False,id35186
id24382,q1Ji9kHD9mg,wav,2,2,16000,506880,31.68,../data/speech/concat_audio/id24382/q1Ji9kHD9mg.wav,False,id31480
id24382,yyNSr1QbZjg,wav,2,2,16000,592000,37.0,../data/speech/concat_audio/id24382/yyNSr1QbZjg.wav,False,id34371
id24382,G7robruDDuc,wav,2,2,16000,867840,54.24,../data/speech/concat_audio/id24382/G7robruDDuc.wav,False,id38620
id24382,lVNCr43QL7M,wav,2,2,16000,346880,21.68,../data/speech/concat_audio/id24382/lVNCr43QL7M.wav,False,id26192
id09527,r2jB5OFcBdA,wav,2,2,16000,571520,35.72,../data/speech/concat_audio/id09527/r2jB5OFcBdA.wav,False,id39872
id25483,P_7Ou2W-FbY,wav,2,2,16000,586240,36.64,../data/speech/concat_audio/id25483/P_7Ou2W-FbY.wav,False,id35186
id25483,-JzRYtHUZds,wav,2,2,16000,51200,3.2,../data/speech/concat_audio/id25483/-JzRYtHUZds.wav,False,id52962
id25483,jzqofwQFw-I,wav,2,2,16000,488320,30.52,../data/speech/concat_audio/id25483/jzqofwQFw-I.wav,False,id60730
id25483,mq-RvLAA3u4,wav,2,2,16000,101120,6.32,../data/speech/concat_audio/id25483/mq-RvLAA3u4.wav,False,id34823
id25483,3Tvc0EPNEtI,wav,2,2,16000,248320,15.52,../data/speech/concat_audio/id25483/3Tvc0EPNEtI.wav,False,id60730
id25483,OdH4sjNjvL0,wav,2,2,16000,55040,3.44,../data/speech/concat_audio/id25483/OdH4sjNjvL0.wav,False,id51728
id25483,NwH18FEi7zY,wav,2,2,16000,238080,14.88,../data/speech/concat_audio/id25483/NwH18FEi7zY.wav,False,id26192
id25483,wJiQhkboXsM,wav,2,2,16000,164480,10.28,../data/speech/concat_audio/id25483/wJiQhkboXsM.wav,False,id56874
id25483,nZe1XhJrX7M,wav,2,2,16000,599040,37.44,../data/speech/concat_audio/id25483/nZe1XhJrX7M.wav,False,id35186
id25483,3XinPcgeiHI,wav,2,2,16000,64640,4.04,../data/speech/concat_audio/id25483/3XinPcgeiHI.wav,False,id47667
id25483,bTz2ZrMh1ik,wav,2,2,16000,23680,1.48,../data/speech/concat_audio/id25483/bTz2ZrMh1ik.wav,False,id26192
id25483,UxOGUXqnmiA,wav,2,2,16000,608640,38.04,../data/speech/concat_audio/id25483/UxOGUXqnmiA.wav,False,id52962
id25483,lESsDAfO6Jo,wav,2,2,16000,21760,1.36,../data/speech/concat_audio/id25483/lESsDAfO6Jo.wav,False,id02799
id25483,8Y7bQpOv21o,wav,2,2,16000,116480,7.28,../data/speech/concat_audio/id25483/8Y7bQpOv21o.wav,False,id33609
id25483,-TgTlL5GQxg,wav,2,2,16000,133760,8.36,../data/speech/concat_audio/id25483/-TgTlL5GQxg.wav,False,id50220
id25483,c7BIWLs535M,wav,2,2,16000,287360,17.96,../data/speech/concat_audio/id25483/c7BIWLs535M.wav,False,id31480
id25483,ZKcUOOrPLl8,wav,2,2,16000,51840,3.24,../data/speech/concat_audio/id25483/ZKcUOOrPLl8.wav,False,id09427
id25483,ElSHrw5ch0c,wav,2,2,16000,19200,1.2,../data/speech/concat_audio/id25483/ElSHrw5ch0c.wav,False,id07057
id25483,AxhynMWKcAI,wav,2,2,16000,374400,23.4,../data/speech/concat_audio/id25483/AxhynMWKcAI.wav,False,id33609
id25483,AoLfT76Mtts,wav,2,2,16000,857600,53.6,../data/speech/concat_audio/id25483/AoLfT76Mtts.wav,False,id53453
id25483,HSBHoVCg0Eo,wav,2,2,16000,38400,2.4,../data/speech/concat_audio/id25483/HSBHoVCg0Eo.wav,False,id50220
id25483,64vEZkSHy50,wav,2,2,16000,162560,10.16,../data/speech/concat_audio/id25483/64vEZkSHy50.wav,False,id09427
id25483,41qH5Uga7V4,wav,2,2,16000,28160,1.76,../data/speech/concat_audio/id25483/41qH5Uga7V4.wav,False,id48201
id25483,15hEdxxKXdY,wav,2,2,16000,175360,10.96,../data/speech/concat_audio/id25483/15hEdxxKXdY.wav,False,id08776
id25483,P7mXvJallr4,wav,2,2,16000,216960,13.56,../data/speech/concat_audio/id25483/P7mXvJallr4.wav,False,id51142
id25483,Tov8XPoqQCI,wav,2,2,16000,205440,12.84,../data/speech/concat_audio/id25483/Tov8XPoqQCI.wav,False,id02799
id25483,yJgMI5-6jtw,wav,2,2,16000,93440,5.84,../data/speech/concat_audio/id25483/yJgMI5-6jtw.wav,False,id08776
id25483,K5jExEew-I4,wav,2,2,16000,112640,7.04,../data/speech/concat_audio/id25483/K5jExEew-I4.wav,False,id56874
id25483,YgEnybfBskg,wav,2,2,16000,659200,41.2,../data/speech/concat_audio/id25483/YgEnybfBskg.wav,False,id00868
id25483,cH-wEVZRiOU,wav,2,2,16000,161280,10.08,../data/speech/concat_audio/id25483/cH-wEVZRiOU.wav,False,id35186
id25483,E_6kKyWeO5E,wav,2,2,16000,44800,2.8,../data/speech/concat_audio/id25483/E_6kKyWeO5E.wav,False,id08519
id25483,hW31-SKsVik,wav,2,2,16000,791680,49.48,../data/speech/concat_audio/id25483/hW31-SKsVik.wav,False,id26192
id25483,u5gYvQPG0w4,wav,2,2,16000,37120,2.32,../data/speech/concat_audio/id25483/u5gYvQPG0w4.wav,False,id26192
id25483,Hku5xTSdmUk,wav,2,2,16000,38400,2.4,../data/speech/concat_audio/id25483/Hku5xTSdmUk.wav,False,id09427
id25483,j5y4_D-C9gI,wav,2,2,16000,37760,2.36,../data/speech/concat_audio/id25483/j5y4_D-C9gI.wav,False,id28020
id25483,xz8FgSxUxQA,wav,2,2,16000,689280,43.08,../data/speech/concat_audio/id25483/xz8FgSxUxQA.wav,False,id09427
id25483,6s62YOAIJzg,wav,2,2,16000,60160,3.76,../data/speech/concat_audio/id25483/6s62YOAIJzg.wav,False,id09427
id25483,B0g4y3tNxZU,wav,2,2,16000,668160,41.76,../data/speech/concat_audio/id25483/B0g4y3tNxZU.wav,False,id60691
id28083,ls2ho1RoLf8,wav,2,2,16000,417920,26.12,../data/speech/concat_audio/id28083/ls2ho1RoLf8.wav,False,id31480
id28083,oZQiAB3cBOI,wav,2,2,16000,121600,7.6,../data/speech/concat_audio/id28083/oZQiAB3cBOI.wav,False,id60691
id28083,bMRJqIcW9ww,wav,2,2,16000,114560,7.16,../data/speech/concat_audio/id28083/bMRJqIcW9ww.wav,False,id08519
id28083,0qsLjj-Vs_U,wav,2,2,16000,331520,20.72,../data/speech/concat_audio/id28083/0qsLjj-Vs_U.wav,False,id60730
id47065,r6bVMt7pup8,wav,2,2,16000,811520,50.72,../data/speech/concat_audio/id47065/r6bVMt7pup8.wav,False,id53453
id47065,PEIRpQ3PXxw,wav,2,2,16000,536320,33.52,../data/speech/concat_audio/id47065/PEIRpQ3PXxw.wav,False,id07057
id47065,HvPQ5VKXSAY,wav,2,2,16000,630400,39.4,../data/speech/concat_audio/id47065/HvPQ5VKXSAY.wav,False,id60730
id47065,QOZ_bND-SOQ,wav,2,2,16000,724480,45.28,../data/speech/concat_audio/id47065/QOZ_bND-SOQ.wav,False,id06304
id47065,p1ORktg_x8c,wav,2,2,16000,424320,26.52,../data/speech/concat_audio/id47065/p1ORktg_x8c.wav,False,id34823
id47065,urqRvomkv-Q,wav,2,2,16000,885120,55.32,../data/speech/concat_audio/id47065/urqRvomkv-Q.wav,False,id60730
id47065,O_actTEOfBo,wav,2,2,16000,49920,3.12,../data/speech/concat_audio/id47065/O_actTEOfBo.wav,False,id08519
id47065,HoCuauajyo0,wav,2,2,16000,537600,33.6,../data/speech/concat_audio/id47065/HoCuauajyo0.wav,False,id08776
id47065,2VqUfbUclEE,wav,2,2,16000,565120,35.32,../data/speech/concat_audio/id47065/2VqUfbUclEE.wav,False,id08519
id47065,FqAxK4VoW6s,wav,2,2,16000,512000,32.0,../data/speech/concat_audio/id47065/FqAxK4VoW6s.wav,False,id31480
id47065,9NUNuJ2xlf8,wav,2,2,16000,444800,27.8,../data/speech/concat_audio/id47065/9NUNuJ2xlf8.wav,False,id26192
id47065,lMJgSQ44ZbQ,wav,2,2,16000,642560,40.16,../data/speech/concat_audio/id47065/lMJgSQ44ZbQ.wav,False,id06304
id48154,bamjkGix0hw,wav,2,2,16000,79360,4.96,../data/speech/concat_audio/id48154/bamjkGix0hw.wav,False,id35186
id48154,QWb6YdkjPXw,wav,2,2,16000,83200,5.2,../data/speech/concat_audio/id48154/QWb6YdkjPXw.wav,False,id09427
id48154,4hPN2NHVr6c,wav,2,2,16000,142720,8.92,../data/speech/concat_audio/id48154/4hPN2NHVr6c.wav,False,id13854
id48154,KeZhttFCMmU,wav,2,2,16000,145280,9.08,../data/speech/concat_audio/id48154/KeZhttFCMmU.wav,False,id36494
id48154,LxhraVY_fXk,wav,2,2,16000,200960,12.56,../data/speech/concat_audio/id48154/LxhraVY_fXk.wav,False,id25408
id48154,KPAe8lB-4dI,wav,2,2,16000,44160,2.76,../data/speech/concat_audio/id48154/KPAe8lB-4dI.wav,False,id25408
id48154,HxBaWVGOB7g,wav,2,2,16000,17280,1.08,../data/speech/concat_audio/id48154/HxBaWVGOB7g.wav,False,id50220
id48154,8ADinJTM-1w,wav,2,2,16000,80000,5.0,../data/speech/concat_audio/id48154/8ADinJTM-1w.wav,False,id35186
id48154,HVWirFXetac,wav,2,2,16000,185600,11.6,../data/speech/concat_audio/id48154/HVWirFXetac.wav,False,id04903
id48154,f5g2fJzjej8,wav,2,2,16000,56960,3.56,../data/speech/concat_audio/id48154/f5g2fJzjej8.wav,False,id42721
id48154,9cf0o_7ub4M,wav,2,2,16000,56320,3.52,../data/speech/concat_audio/id48154/9cf0o_7ub4M.wav,False,id08776
id48154,1QpMip-zc4s,wav,2,2,16000,670080,41.88,../data/speech/concat_audio/id48154/1QpMip-zc4s.wav,False,id25408
id48154,A_7iYoJ8GWw,wav,2,2,16000,65920,4.12,../data/speech/concat_audio/id48154/A_7iYoJ8GWw.wav,False,id38620
id48154,WJPu6dcY3_I,wav,2,2,16000,136320,8.52,../data/speech/concat_audio/id48154/WJPu6dcY3_I.wav,False,id08776
id48154,b2k_XrG5eQg,wav,2,2,16000,356480,22.28,../data/speech/concat_audio/id48154/b2k_XrG5eQg.wav,False,id02799
id48154,CIElqoiczfs,wav,2,2,16000,240640,15.04,../data/speech/concat_audio/id48154/CIElqoiczfs.wav,False,id08519
id48154,GZHnfOIqZK8,wav,2,2,16000,181760,11.36,../data/speech/concat_audio/id48154/GZHnfOIqZK8.wav,False,id25408
id48154,-dyJvzRqNiE,wav,2,2,16000,99840,6.24,../data/speech/concat_audio/id48154/-dyJvzRqNiE.wav,False,id51728
id48154,Dy3rPCY9dmk,wav,2,2,16000,18560,1.16,../data/speech/concat_audio/id48154/Dy3rPCY9dmk.wav,False,id07057
id48154,npmvBvL_7n0,wav,2,2,16000,76160,4.76,../data/speech/concat_audio/id48154/npmvBvL_7n0.wav,False,id42225
id48154,YyFk_M3YJ10,wav,2,2,16000,47360,2.96,../data/speech/concat_audio/id48154/YyFk_M3YJ10.wav,False,id02799
id48154,cvVw2r54XPc,wav,2,2,16000,25600,1.6,../data/speech/concat_audio/id48154/cvVw2r54XPc.wav,False,id35186
id48154,YaSvfw6HOFI,wav,2,2,16000,99200,6.2,../data/speech/concat_audio/id48154/YaSvfw6HOFI.wav,False,id14026
id48154,33KEb-1qFTE,wav,2,2,16000,142720,8.92,../data/speech/concat_audio/id48154/33KEb-1qFTE.wav,False,id38620
id48154,gPL3dXJx2Ug,wav,2,2,16000,478080,29.88,../data/speech/concat_audio/id48154/gPL3dXJx2Ug.wav,False,id38620
id30412,3QGcnYzuzTY,wav,2,2,16000,494720,30.92,../data/speech/concat_audio/id30412/3QGcnYzuzTY.wav,False,id36494
id30412,NT0XfitFkfM,wav,2,2,16000,272640,17.04,../data/speech/concat_audio/id30412/NT0XfitFkfM.wav,False,id25408
id30412,COz65ZX3YZ0,wav,2,2,16000,556160,34.76,../data/speech/concat_audio/id30412/COz65ZX3YZ0.wav,False,id28020
id30412,k66pvHV9Eik,wav,2,2,16000,684800,42.8,../data/speech/concat_audio/id30412/k66pvHV9Eik.wav,False,id48201
id30412,51oNxc55O7c,wav,2,2,16000,272000,17.0,../data/speech/concat_audio/id30412/51oNxc55O7c.wav,False,id25408
id30412,-jnzdVpiP-w,wav,2,2,16000,318720,19.92,../data/speech/concat_audio/id30412/-jnzdVpiP-w.wav,False,id06304
id40352,5JtkypV04T4,wav,2,2,16000,331520,20.72,../data/speech/concat_audio/id40352/5JtkypV04T4.wav,False,id01616
id40352,UBkHeczE_3c,wav,2,2,16000,15360,0.96,../data/speech/concat_audio/id40352/UBkHeczE_3c.wav,False,id58163
id40352,dLA493uBclM,wav,2,2,16000,80000,5.0,../data/speech/concat_audio/id40352/dLA493uBclM.wav,False,id26192
id36531,WgIddc3BC5I,wav,2,2,16000,161920,10.12,../data/speech/concat_audio/id36531/WgIddc3BC5I.wav,False,id50220
id48955,_VUGEojh2Mk,wav,2,2,16000,564480,35.28,../data/speech/concat_audio/id48955/_VUGEojh2Mk.wav,False,id48201
id48955,SG2HOUrytrM,wav,2,2,16000,522880,32.68,../data/speech/concat_audio/id48955/SG2HOUrytrM.wav,False,id01616
id48955,rRmZkBbvzac,wav,2,2,16000,91520,5.72,../data/speech/concat_audio/id48955/rRmZkBbvzac.wav,False,id28020
id48955,WIIr7OSdLBs,wav,2,2,16000,784000,49.0,../data/speech/concat_audio/id48955/WIIr7OSdLBs.wav,False,id08776
id48955,EuiMI-4bfRg,wav,2,2,16000,433280,27.08,../data/speech/concat_audio/id48955/EuiMI-4bfRg.wav,False,id09427
id48955,G65tiRWBt_A,wav,2,2,16000,467200,29.2,../data/speech/concat_audio/id48955/G65tiRWBt_A.wav,False,id60691
id48955,1bamttEU_i8,wav,2,2,16000,564480,35.28,../data/speech/concat_audio/id48955/1bamttEU_i8.wav,False,id25408
id48955,VoL9BCp54no,wav,2,2,16000,267520,16.72,../data/speech/concat_audio/id48955/VoL9BCp54no.wav,False,id14026
id50417,ELeLV_S0adQ,wav,2,2,16000,861440,53.84,../data/speech/concat_audio/id50417/ELeLV_S0adQ.wav,False,id35186
id50417,ttpAUEAYISI,wav,2,2,16000,881920,55.12,../data/speech/concat_audio/id50417/ttpAUEAYISI.wav,False,id56874
id50417,gTNA5SKey2k,wav,2,2,16000,134272,8.392,../data/speech/concat_audio/id50417/gTNA5SKey2k.wav,False,id60730
id37131,-nVPmgFi0V4,wav,2,2,16000,218240,13.64,../data/speech/concat_audio/id37131/-nVPmgFi0V4.wav,False,id11367
id37131,byMptSt_a7M,wav,2,2,16000,878720,54.92,../data/speech/concat_audio/id37131/byMptSt_a7M.wav,False,id34371
id37131,CffqVwVRHoM,wav,2,2,16000,742400,46.4,../data/speech/concat_audio/id37131/CffqVwVRHoM.wav,False,id25408
id37131,HQIkt4V4u8s,wav,2,2,16000,282240,17.64,../data/speech/concat_audio/id37131/HQIkt4V4u8s.wav,False,id50220
id37131,fKmCaYlSnv4,wav,2,2,16000,135040,8.44,../data/speech/concat_audio/id37131/fKmCaYlSnv4.wav,False,id60730
id37131,47u45XR9Eqc,wav,2,2,16000,833280,52.08,../data/speech/concat_audio/id37131/47u45XR9Eqc.wav,False,id07057
id37131,llHGmQAqeq0,wav,2,2,16000,915840,57.24,../data/speech/concat_audio/id37131/llHGmQAqeq0.wav,False,id13854
id37131,vHwQEo0jIXY,wav,2,2,16000,515840,32.24,../data/speech/concat_audio/id37131/vHwQEo0jIXY.wav,False,id14026
id37131,VtrKRQ58vS0,wav,2,2,16000,920320,57.52,../data/speech/concat_audio/id37131/VtrKRQ58vS0.wav,False,id60730
id37131,KKS7MvUx_jM,wav,2,2,16000,474880,29.68,../data/speech/concat_audio/id37131/KKS7MvUx_jM.wav,False,id57651
id37131,wbBFlmeDxIA,wav,2,2,16000,430976,26.936,../data/speech/concat_audio/id37131/wbBFlmeDxIA.wav,False,id08519
id37131,JB6cWktHtoU,wav,2,2,16000,895360,55.96,../data/speech/concat_audio/id37131/JB6cWktHtoU.wav,False,id06304
id37131,rdVRsCI94mk,wav,2,2,16000,776320,48.52,../data/speech/concat_audio/id37131/rdVRsCI94mk.wav,False,id06304
id37131,oxF9F_631NE,wav,2,2,16000,577920,36.12,../data/speech/concat_audio/id37131/oxF9F_631NE.wav,False,id38620
id37131,j3wPtrzQ67Q,wav,2,2,16000,849920,53.12,../data/speech/concat_audio/id37131/j3wPtrzQ67Q.wav,False,id08519
id37131,D2EUaosdul8,wav,2,2,16000,68480,4.28,../data/speech/concat_audio/id37131/D2EUaosdul8.wav,False,id55482
id37131,9M7w1KFjMLI,wav,2,2,16000,277760,17.36,../data/speech/concat_audio/id37131/9M7w1KFjMLI.wav,False,id60730
id37131,Amc07D7UplI,wav,2,2,16000,917760,57.36,../data/speech/concat_audio/id37131/Amc07D7UplI.wav,False,id14026
id37131,voWbq378MRk,wav,2,2,16000,921600,57.6,../data/speech/concat_audio/id37131/voWbq378MRk.wav,False,id48159
id37131,kCsU2SD6L1w,wav,2,2,16000,187520,11.72,../data/speech/concat_audio/id37131/kCsU2SD6L1w.wav,False,id14026
id47555,0m38S7h7yZY,wav,2,2,16000,462080,28.88,../data/speech/concat_audio/id47555/0m38S7h7yZY.wav,False,id11367
id47555,jCnkhGdwRiA,wav,2,2,16000,285440,17.84,../data/speech/concat_audio/id47555/jCnkhGdwRiA.wav,False,id36494
id47555,EJ3qWx9QCVU,wav,2,2,16000,80640,5.04,../data/speech/concat_audio/id47555/EJ3qWx9QCVU.wav,False,id46419
id47555,vM1y7akrSuw,wav,2,2,16000,244480,15.28,../data/speech/concat_audio/id47555/vM1y7akrSuw.wav,False,id31480
id47555,vA_Zv2jQfVo,wav,2,2,16000,49280,3.08,../data/speech/concat_audio/id47555/vA_Zv2jQfVo.wav,False,id26192
id47555,l69hDCQMN6o,wav,2,2,16000,250240,15.64,../data/speech/concat_audio/id47555/l69hDCQMN6o.wav,False,id26192
id47555,GIi2znIGRQo,wav,2,2,16000,18560,1.16,../data/speech/concat_audio/id47555/GIi2znIGRQo.wav,False,id60730
id47555,QTsK7cpCwTM,wav,2,2,16000,172160,10.76,../data/speech/concat_audio/id47555/QTsK7cpCwTM.wav,False,id53453
id47555,wP1ZLUz465o,wav,2,2,16000,176000,11.0,../data/speech/concat_audio/id47555/wP1ZLUz465o.wav,False,id26192
id47555,-1b19nV2oUc,wav,2,2,16000,51840,3.24,../data/speech/concat_audio/id47555/-1b19nV2oUc.wav,False,id38620
id46335,ThqXkJsGHUE,wav,2,2,16000,88320,5.52,../data/speech/concat_audio/id46335/ThqXkJsGHUE.wav,False,id51142
id46335,7o9B6FASfV8,wav,2,2,16000,46720,2.92,../data/speech/concat_audio/id46335/7o9B6FASfV8.wav,False,id26192
id46335,wJzGj_waPNM,wav,2,2,16000,490240,30.64,../data/speech/concat_audio/id46335/wJzGj_waPNM.wav,False,id09427
id46335,TtBVnHwudYQ,wav,2,2,16000,19840,1.24,../data/speech/concat_audio/id46335/TtBVnHwudYQ.wav,False,id08519
id46335,h54QgAsL8cM,wav,2,2,16000,35840,2.24,../data/speech/concat_audio/id46335/h54QgAsL8cM.wav,False,id02799
id46335,X2waKV0HB5A,wav,2,2,16000,42880,2.68,../data/speech/concat_audio/id46335/X2waKV0HB5A.wav,False,id26192
id46335,4dODDU5hggg,wav,2,2,16000,46080,2.88,../data/speech/concat_audio/id46335/4dODDU5hggg.wav,False,id60730
id46335,-lxFQvwowLo,wav,2,2,16000,49920,3.12,../data/speech/concat_audio/id46335/-lxFQvwowLo.wav,False,id26192
id46335,T-9qltszQR0,wav,2,2,16000,116480,7.28,../data/speech/concat_audio/id46335/T-9qltszQR0.wav,False,id31480
id14218,F61Om_qAm0s,wav,2,2,16000,896000,56.0,../data/speech/concat_audio/id14218/F61Om_qAm0s.wav,False,id48159
id14218,kzuV8OMKmIs,wav,2,2,16000,407936,25.496,../data/speech/concat_audio/id14218/kzuV8OMKmIs.wav,False,id26192
id14218,tGq51EUQJhg,wav,2,2,16000,839040,52.44,../data/speech/concat_audio/id14218/tGq51EUQJhg.wav,False,id31480
id14218,Vwrc8EH5BhA,wav,2,2,16000,434560,27.16,../data/speech/concat_audio/id14218/Vwrc8EH5BhA.wav,False,id36494
id48108,13ksIBcdcTA,wav,2,2,16000,478080,29.88,../data/speech/concat_audio/id48108/13ksIBcdcTA.wav,False,id60730
id10916,xYPcFESJrvk,wav,2,2,16000,755200,47.2,../data/speech/concat_audio/id10916/xYPcFESJrvk.wav,False,id60730
id10916,QzJdcUCej6M,wav,2,2,16000,583680,36.48,../data/speech/concat_audio/id10916/QzJdcUCej6M.wav,False,id60730
id08661,QdjKiQsU0-A,wav,2,2,16000,404480,25.28,../data/speech/concat_audio/id08661/QdjKiQsU0-A.wav,False,id26192
id08661,BV5mzCJDVXk,wav,2,2,16000,17280,1.08,../data/speech/concat_audio/id08661/BV5mzCJDVXk.wav,False,id06304
id08661,rQYY8Kfsga0,wav,2,2,16000,791040,49.44,../data/speech/concat_audio/id08661/rQYY8Kfsga0.wav,False,id55482
id08661,S8bYQkRRpzg,wav,2,2,16000,689920,43.12,../data/speech/concat_audio/id08661/S8bYQkRRpzg.wav,False,id08519
id08661,5JNrcOPMM0A,wav,2,2,16000,189440,11.84,../data/speech/concat_audio/id08661/5JNrcOPMM0A.wav,False,id35186
id56441,EfwlTPEqrMo,wav,2,2,16000,201600,12.6,../data/speech/concat_audio/id56441/EfwlTPEqrMo.wav,False,id25408
id25540,ktLOD_H2_2M,wav,2,2,16000,538880,33.68,../data/speech/concat_audio/id25540/ktLOD_H2_2M.wav,False,id52962
id25540,HKornho9XBY,wav,2,2,16000,48640,3.04,../data/speech/concat_audio/id25540/HKornho9XBY.wav,False,id02799
id47974,AZSK830v9jM,wav,2,2,16000,808960,50.56,../data/speech/concat_audio/id47974/AZSK830v9jM.wav,False,id47667
id47974,7vGBkzWC6Jo,wav,2,2,16000,728320,45.52,../data/speech/concat_audio/id47974/7vGBkzWC6Jo.wav,False,id47667
id47974,03gFV5qMLSA,wav,2,2,16000,829440,51.84,../data/speech/concat_audio/id47974/03gFV5qMLSA.wav,False,id38620
id47974,pNBYHK6J5wc,wav,2,2,16000,924800,57.8,../data/speech/concat_audio/id47974/pNBYHK6J5wc.wav,False,id60730
id47974,WVBtmfg6Yb0,wav,2,2,16000,913280,57.08,../data/speech/concat_audio/id47974/WVBtmfg6Yb0.wav,False,id60730
id47974,uom2kGp9kOU,wav,2,2,16000,905600,56.6,../data/speech/concat_audio/id47974/uom2kGp9kOU.wav,False,id60730
id47974,wK6SU7OVELk,wav,2,2,16000,937600,58.6,../data/speech/concat_audio/id47974/wK6SU7OVELk.wav,False,id18789
id47974,5_39zJV_VJs,wav,2,2,16000,812800,50.8,../data/speech/concat_audio/id47974/5_39zJV_VJs.wav,False,id51728
id52293,BzSwx0BllZM,wav,2,2,16000,60160,3.76,../data/speech/concat_audio/id52293/BzSwx0BllZM.wav,False,id26192
id52293,zJkXyY1MUfU,wav,2,2,16000,211200,13.2,../data/speech/concat_audio/id52293/zJkXyY1MUfU.wav,False,id35186
id52293,QuIPhdmdz0U,wav,2,2,16000,256640,16.04,../data/speech/concat_audio/id52293/QuIPhdmdz0U.wav,False,id09427
id52293,gVcoTCd5HUk,wav,2,2,16000,19200,1.2,../data/speech/concat_audio/id52293/gVcoTCd5HUk.wav,False,id55482
id52293,Vcd7NdMMaAM,wav,2,2,16000,67200,4.2,../data/speech/concat_audio/id52293/Vcd7NdMMaAM.wav,False,id08519
id20132,OPMpX0nQ4ig,wav,2,2,16000,528000,33.0,../data/speech/concat_audio/id20132/OPMpX0nQ4ig.wav,False,id31480
id20132,j4dJ-0NV-7I,wav,2,2,16000,152320,9.52,../data/speech/concat_audio/id20132/j4dJ-0NV-7I.wav,False,id42721
id20132,9vy6gLEQR10,wav,2,2,16000,237440,14.84,../data/speech/concat_audio/id20132/9vy6gLEQR10.wav,False,id60691
id20132,euL550v7gKA,wav,2,2,16000,38400,2.4,../data/speech/concat_audio/id20132/euL550v7gKA.wav,False,id08519
id20132,bhR_09XIBlM,wav,2,2,16000,239360,14.96,../data/speech/concat_audio/id20132/bhR_09XIBlM.wav,False,id08776
id20132,liEbymfuads,wav,2,2,16000,216320,13.52,../data/speech/concat_audio/id20132/liEbymfuads.wav,False,id52962
id20132,1arJGK8Rejg,wav,2,2,16000,208640,13.04,../data/speech/concat_audio/id20132/1arJGK8Rejg.wav,False,id56874
id55602,5dOsR8z9l5I,wav,2,2,16000,120960,7.56,../data/speech/concat_audio/id55602/5dOsR8z9l5I.wav,False,id51728
id55602,NhKfdVkxTPE,wav,2,2,16000,234240,14.64,../data/speech/concat_audio/id55602/NhKfdVkxTPE.wav,False,id08519
id55602,zZnPXF-rYU0,wav,2,2,16000,414080,25.88,../data/speech/concat_audio/id55602/zZnPXF-rYU0.wav,False,id35186
id55602,D0lcJ75e5I0,wav,2,2,16000,239360,14.96,../data/speech/concat_audio/id55602/D0lcJ75e5I0.wav,False,id60691
id55602,FxPkq3MPIBg,wav,2,2,16000,214400,13.4,../data/speech/concat_audio/id55602/FxPkq3MPIBg.wav,False,id25408
id55602,JGGI03coJj0,wav,2,2,16000,86400,5.4,../data/speech/concat_audio/id55602/JGGI03coJj0.wav,False,id34823
id55602,exSwQ-QV3Mo,wav,2,2,16000,165760,10.36,../data/speech/concat_audio/id55602/exSwQ-QV3Mo.wav,False,id48201
id55602,1yUfG-D_e3Y,wav,2,2,16000,177280,11.08,../data/speech/concat_audio/id55602/1yUfG-D_e3Y.wav,False,id60691
id55602,833HqZAsaaA,wav,2,2,16000,74880,4.68,../data/speech/concat_audio/id55602/833HqZAsaaA.wav,False,id06304
id55602,u9NxTUCg5Uo,wav,2,2,16000,156800,9.8,../data/speech/concat_audio/id55602/u9NxTUCg5Uo.wav,False,id01616
id55602,b46C13vfsac,wav,2,2,16000,235520,14.72,../data/speech/concat_audio/id55602/b46C13vfsac.wav,False,id02799
id55602,r9vLUAq2FFM,wav,2,2,16000,236160,14.76,../data/speech/concat_audio/id55602/r9vLUAq2FFM.wav,False,id35186
id55602,HLn1-H9Slis,wav,2,2,16000,132480,8.28,../data/speech/concat_audio/id55602/HLn1-H9Slis.wav,False,id26192
id55602,xlGRyhSiOdU,wav,2,2,16000,119680,7.48,../data/speech/concat_audio/id55602/xlGRyhSiOdU.wav,False,id56874
id55602,FNN8BMzpXFE,wav,2,2,16000,443520,27.72,../data/speech/concat_audio/id55602/FNN8BMzpXFE.wav,False,id60730
id55602,loCT0Eq0bfE,wav,2,2,16000,171520,10.72,../data/speech/concat_audio/id55602/loCT0Eq0bfE.wav,False,id07057
id55602,k2knrteTdds,wav,2,2,16000,392960,24.56,../data/speech/concat_audio/id55602/k2knrteTdds.wav,False,id00868
id55602,JjqP6c5GyAg,wav,2,2,16000,80000,5.0,../data/speech/concat_audio/id55602/JjqP6c5GyAg.wav,False,id02799
id55602,1GvqS_agND0,wav,2,2,16000,188160,11.76,../data/speech/concat_audio/id55602/1GvqS_agND0.wav,False,id35186
id55602,p1qdlN1pk6Y,wav,2,2,16000,190720,11.92,../data/speech/concat_audio/id55602/p1qdlN1pk6Y.wav,False,id26192
id55602,PJXDjZ4IL14,wav,2,2,16000,307840,19.24,../data/speech/concat_audio/id55602/PJXDjZ4IL14.wav,False,id60691
id55602,2PDJnohXobI,wav,2,2,16000,144000,9.0,../data/speech/concat_audio/id55602/2PDJnohXobI.wav,False,id35186
id55602,OHsECFFjIYI,wav,2,2,16000,234240,14.64,../data/speech/concat_audio/id55602/OHsECFFjIYI.wav,False,id08519
id55602,XELl3xwvjdY,wav,2,2,16000,154240,9.64,../data/speech/concat_audio/id55602/XELl3xwvjdY.wav,False,id52962
id55602,Dte2ZMIA9e4,wav,2,2,16000,190720,11.92,../data/speech/concat_audio/id55602/Dte2ZMIA9e4.wav,False,id09427
id55602,NLBPNj8MNGY,wav,2,2,16000,234240,14.64,../data/speech/concat_audio/id55602/NLBPNj8MNGY.wav,False,id02799
id55602,7PnYqZRhO9g,wav,2,2,16000,182400,11.4,../data/speech/concat_audio/id55602/7PnYqZRhO9g.wav,False,id47667
id55602,m47C2eXGf5k,wav,2,2,16000,161280,10.08,../data/speech/concat_audio/id55602/m47C2eXGf5k.wav,False,id02799
id55602,dBV2hSkVL2c,wav,2,2,16000,328320,20.52,../data/speech/concat_audio/id55602/dBV2hSkVL2c.wav,False,id08776
id55602,-xaI7H-DPyE,wav,2,2,16000,178560,11.16,../data/speech/concat_audio/id55602/-xaI7H-DPyE.wav,False,id25408
id55602,7XZrwoUmk4Y,wav,2,2,16000,79360,4.96,../data/speech/concat_audio/id55602/7XZrwoUmk4Y.wav,False,id60730
